{
  "config": {
    "replicates": 30,
    "baseSeed": 20260713,
    "trainEpisodes": 6,
    "testEpisodes": 2
  },
  "classification": {
    "classes": [
      "healthy",
      "ill",
      "lame",
      "oestrus"
    ],
    "precision": [
      0.9327123800173379,
      0.9957206511942445,
      0.9477933591955775,
      0.9775816057007917
    ],
    "recall": [
      0.9873404255319149,
      0.9989417989417989,
      0.7779100529100528,
      0.9342592592592591
    ]
  },
  "falsePositives": {
    "telemetry": {
      "auto": {
        "mean": 0.009444444444444445,
        "ci": 0.004615337120843708
      },
      "heatwave": {
        "mean": 0.0061111111111111106,
        "ci": 0.003667604663488939
      },
      "snow": {
        "mean": 0.005555555555555555,
        "ci": 0.0028595623156117364
      },
      "rain": {
        "mean": 0.008333333333333333,
        "ci": 0.004633020469604598
      }
    },
    "self": {
      "auto": {
        "mean": 0.006666666666666666,
        "ci": 0.0033592251128610165
      },
      "heatwave": {
        "mean": 0.009444444444444445,
        "ci": 0.003733892039930696
      },
      "snow": {
        "mean": 0.006666666666666666,
        "ci": 0.0033592251128610182
      },
      "rain": {
        "mean": 0.01,
        "ci": 0.00533444432872781
      }
    },
    "social": {
      "auto": {
        "mean": 0.0061111111111111106,
        "ci": 0.003316352661673029
      },
      "heatwave": {
        "mean": 0.007222222222222222,
        "ci": 0.003389516303958101
      },
      "snow": {
        "mean": 0.006666666666666666,
        "ci": 0.003359225112861018
      },
      "rain": {
        "mean": 0.0077777777777777776,
        "ci": 0.004355555555555555
      }
    }
  },
  "latency": {
    "telemetry": {
      "ill": {
        "median": 145.5,
        "iqrLo": 140.5,
        "iqrHi": 150.5,
        "detRate": 1
      },
      "lame": {
        "median": 238,
        "iqrLo": 196.75,
        "iqrHi": 355.5,
        "detRate": 1
      },
      "oestrus": {
        "median": 165.5,
        "iqrLo": 151.75,
        "iqrHi": 179.25,
        "detRate": 1
      }
    },
    "self": {
      "ill": {
        "median": 145.5,
        "iqrLo": 141.75,
        "iqrHi": 150.5,
        "detRate": 1
      },
      "lame": {
        "median": 238,
        "iqrLo": 196.75,
        "iqrHi": 354.25,
        "detRate": 1
      },
      "oestrus": {
        "median": 168,
        "iqrLo": 155.5,
        "iqrHi": 180.5,
        "detRate": 1
      }
    },
    "social": {
      "ill": {
        "median": 145.5,
        "iqrLo": 141.75,
        "iqrHi": 150.5,
        "detRate": 1
      },
      "lame": {
        "median": 273,
        "iqrLo": 201.75,
        "iqrHi": 379.25,
        "detRate": 1
      },
      "oestrus": {
        "median": 168,
        "iqrLo": 156.75,
        "iqrHi": 180.5,
        "detRate": 1
      }
    }
  }
}